t_s,server_vmswap_mb,sys_swap_used_mb,d_pswpout_pages,d_pswpin_pages,mem_avail_mb,server_rss_mb
0.0,0,0,0,0,59921,27
0.5,0,-1,0,1,59799,141
1.0,0,-1,0,1,59548,1495
1.5,0,-1,0,1,59119,2108
2.0,0,-1,0,1,58971,2412
2.5,0,-1,0,1,58806,2748
3.0,0,-1,0,1,58431,3298
3.5,0,-1,0,1,58234,3673
4.0,0,-1,0,1,58066,4016
4.5,0,-1,0,1,57681,4576
5.0,0,-1,0,1,57338,5087
5.5,0,-1,0,1,57327,5258
6.0,0,-1,0,1,57159,5604
6.5,0,-1,0,1,56856,6075
7.0,0,-1,0,1,56528,6588
7.5,0,-1,0,1,56395,6888
8.0,0,-1,0,1,56335,7121
8.5,0,-1,0,1,56069,7571
9.0,0,-1,0,1,55677,8132
9.5,0,-1,0,1,55261,8722
10.0,0,-1,0,1,54832,9327
10.5,0,-1,0,1,54621,9708
11.0,0,-1,0,1,54493,10006
11.5,0,-1,0,1,54493,10180
12.0,0,-1,0,1,54493,10363
12.5,0,-1,0,1,54232,10803
13.0,0,-1,0,1,53828,11381
13.5,0,-1,0,1,53400,11982
14.0,0,-1,0,1,52990,12576
14.5,0,-1,0,1,52570,13172
15.0,0,-1,0,1,52221,13695
15.5,0,-1,0,2,52056,14031
16.0,0,-1,0,2,52056,14200
16.5,0,-1,0,2,52059,14385
17.0,0,-1,0,2,52059,14565
17.5,0,-1,0,2,52059,14747
18.0,0,-1,0,2,51744,15236
18.5,0,-1,0,2,51338,15834
19.0,0,-1,0,2,50888,16465
19.5,0,-1,0,2,50460,17076
20.0,0,-1,0,2,50004,17710
20.5,0,-1,0,2,49589,18307
21.0,0,-1,0,2,49164,18916
21.5,0,-1,0,2,48770,19478
22.0,0,-1,0,2,48541,19872
22.5,0,-1,0,2,48459,20123
23.0,0,-1,0,2,48462,20297
23.5,0,-1,0,2,48462,20473
24.0,0,-1,0,2,48462,20642
24.5,0,-1,0,2,48462,20822
25.0,0,-1,0,2,48461,20985
25.5,0,-1,0,2,48461,21161
26.0,0,-1,0,2,48165,21623
26.5,0,-1,0,2,47761,22211
27.0,0,-1,0,7,47381,22755
27.5,0,11,0,7,47040,23272
28.0,0,28,111,7,46745,23794
28.5,0,37,111,7,46436,24243
29.0,0,50,11957,7,46160,24635
29.5,0,66,32170,7,45892,25052
30.0,0,77,32170,7,45596,25495
30.5,0,77,32170,7,45288,25957
31.0,0,77,32170,7,44998,26383
31.5,0,88,32170,7,44672,26848
32.0,0,111,32298,7,44393,27299
32.5,0,112,32298,7,44106,27710
33.0,0,113,32467,7,43801,28130
33.5,0,114,33016,7,43487,28575
34.0,0,114,35026,7,43340,28824
34.5,0,114,36182,12,43230,29087
35.0,0,114,36182,12,43230,29240
35.5,0,114,36182,13,43232,29397
36.0,0,113,36182,13,43228,29550
36.5,0,113,36182,13,43228,29697
37.0,0,113,36182,13,43228,29849
37.5,0,113,36182,13,43227,30003
38.0,0,113,36182,13,43067,30355
38.5,0,119,39126,13,42899,30716
39.0,13,135,43798,13,42796,30844
39.5,35,157,43798,13,42662,30824
40.0,8,128,43798,13,42600,30859
40.5,1,120,43798,13,47231,26122
41.0,1,118,43798,13,47185,26134
41.5,1,117,43798,13,47173,26130
42.0,1,116,43798,13,47173,26130
42.5,1,116,43798,13,47168,26136
43.1,1,116,43798,13,47162,26145
43.6,1,116,43798,13,47152,26158
44.1,1,115,43798,13,47145,26170
44.6,1,113,43798,32,47134,26180
45.1,1,113,43798,32,47106,26197
45.6,1,113,43798,32,47085,26218
46.1,1,113,43798,33,47077,26227
46.6,1,112,43798,36,47056,26244
47.1,1,112,43798,36,47044,26258
47.6,1,112,43798,36,47038,26270
48.1,1,112,43798,36,47022,26283
48.6,1,112,43798,36,47008,26299
49.1,1,112,43798,36,46990,26317
49.6,1,112,43798,36,46978,26332
50.1,1,112,43798,36,46966,26342
50.6,1,112,43798,36,46958,26354
51.1,1,112,43798,36,46938,26373
51.6,1,112,43798,36,46914,26403
52.1,1,111,43798,36,46897,26421
52.6,1,111,43798,36,46879,26437
53.1,1,111,43798,36,46864,26455
53.6,1,111,43798,36,46846,26472
54.1,1,111,43798,36,46830,26490
54.6,1,111,43798,36,46809,26508
55.1,1,111,43798,36,46792,26525
55.6,1,111,43798,36,46780,26541
56.1,1,111,43798,37,46763,26559
56.6,1,111,43798,37,46742,26578
57.1,1,111,43798,37,46730,26596
57.6,1,111,43798,37,46714,26613
58.1,1,111,43798,37,46697,26631
58.6,1,111,43798,37,46672,26649
59.1,1,111,43798,37,46659,26663
59.6,1,111,43798,37,46645,26682
60.1,1,111,43798,37,46625,26701
60.6,1,111,43798,37,46617,26713
61.1,1,111,43798,37,46598,26730
61.6,1,111,43798,37,46581,26744
62.1,1,111,43798,37,46565,26759
62.6,1,111,43798,37,46553,26775
63.1,1,111,43798,37,46545,26787
63.6,1,111,43798,37,46528,26802
64.1,1,111,43798,37,46516,26820
64.6,1,111,43798,37,46499,26835
65.1,1,111,43798,37,46463,26861
65.6,1,111,43798,37,46458,26871
66.1,1,111,43798,37,46441,26886
66.6,1,111,43798,37,46433,26898
67.1,1,111,43798,37,46417,26909
67.6,1,111,43798,37,46401,26925
68.1,1,111,43798,37,46392,26935
68.6,1,111,43798,37,46342,26983
69.1,1,111,43798,37,46329,27002
69.6,1,111,43798,37,46312,27018
70.1,1,111,43798,37,46295,27038
70.6,1,111,43798,37,46266,27059
71.1,1,111,43798,38,46248,27077
71.6,1,111,43798,38,46235,27093
72.1,1,111,43798,38,46218,27111
72.6,1,111,43798,38,46202,27129
73.1,1,111,43798,39,46181,27148
73.6,1,107,43798,39,46158,27166
74.1,1,107,43798,39,46146,27182
74.6,1,107,43798,39,46131,27202
75.1,1,107,43798,39,46113,27218
75.6,1,107,43798,39,46084,27237
76.1,1,107,43798,40,46076,27253
76.6,1,107,43798,40,46049,27271
77.1,1,107,43798,40,46027,27293
77.6,1,107,43798,40,46012,27311
78.1,1,107,43798,40,45992,27330
78.6,1,107,43798,40,45971,27348
79.1,1,107,43798,40,45958,27366
79.6,1,107,43798,40,45938,27383
80.1,1,107,43798,40,45926,27401
80.6,1,107,43798,40,45908,27418
81.1,1,107,43798,41,45894,27434
81.6,1,107,43798,41,45880,27451
82.1,1,107,43798,41,45860,27469
82.6,1,107,43798,41,45839,27485
83.1,1,107,43798,41,45823,27504
83.6,1,107,43798,41,45807,27520
84.1,1,107,43798,41,45778,27537
84.6,1,107,43798,41,45766,27555
85.1,1,107,43798,41,45752,27571
85.6,1,107,43798,41,45728,27596
86.1,1,107,43798,41,45717,27612
86.6,1,107,43798,41,45699,27629
87.1,1,107,43798,41,45675,27643
87.6,1,107,43798,41,45663,27662
88.1,1,107,43798,41,45646,27679
88.6,1,107,43798,41,45637,27692
89.1,1,107,43798,41,45613,27711
89.6,1,107,43798,41,45600,27727
90.1,1,107,43798,41,45584,27743
90.6,1,107,43798,41,45571,27759
91.1,1,106,43798,47,45559,27776
91.6,1,106,43798,47,45538,27792
92.1,1,106,43798,47,45522,27810
92.6,1,106,43798,47,45506,27823
93.1,1,106,43798,47,45486,27839
93.6,1,106,43798,47,45474,27856
94.1,1,106,43798,47,45456,27872
94.6,1,106,43798,47,45440,27893
95.1,1,106,43798,47,45417,27909
95.6,1,106,43798,47,45404,27927
96.1,1,106,43798,47,45395,27937
96.6,1,106,43798,47,45374,27954
97.1,1,106,43798,47,45357,27972
97.6,1,106,43798,47,45344,27986
98.1,1,106,43798,47,45332,28000
98.6,1,106,43798,47,45312,28017
99.1,1,106,43798,47,45295,28033
99.6,1,106,43798,47,45279,28050
100.1,1,106,43798,47,45262,28064
100.6,1,106,43798,47,45242,28080
101.1,1,106,43798,48,45230,28097
101.6,1,106,43798,48,45214,28111
102.1,1,106,43798,48,45202,28127
102.6,1,106,43798,48,45185,28144
103.1,1,106,43798,48,45173,28160
103.6,1,106,43798,48,45161,28172
104.1,0,106,43798,48,47409,0
104.6,0,104,43798,48,50333,0
# server exited
# peak server VmSwap 35 MB
