1790906630	13201992	55320588	21797576
1790906632	13201792	55369000	21801932
1790906634	13201792	55369004	21801936
1790906636	13201784	55369132	21801932
1790906638	13201776	55373392	21801972
1790906640	13201384	55364484	21814532
1790906642	13201376	55331468	21814536
1790906644	13201372	55328236	21814576
1790906646	13201372	55352104	21814572
1790906648	13201372	55343352	21830176
1790906650	13201372	55329444	21830224
1790906652	13201372	55336804	21830224
1790906654	13201336	55333852	21833488
1790906656	13201336	55336152	21833484
1790906658	13200896	55325312	21874628
1790906660	13200684	55356376	21988564
1790906662	13200680	55181140	24863916
1790906664	13200680	55212976	27659472
1790906666	13200672	55153896	30496068
1790906669	13200672	55124020	33308840
1790906671	13200672	55071100	36133392
1790906673	13200632	55061532	38301352
1790906675	13200632	55071720	38301376
1790906677	13200632	55075652	38301372
1790906679	13200632	55084304	38301372
1790906681	13200632	55101408	38301372
1790906683	13200616	55128580	38301372
1790906685	13200616	55144816	38301376
1790906687	13200612	55168500	38301372
1790906689	13200612	55191084	38301372
1790906691	13200612	55211600	38301376
1790906693	13200612	55219588	38301372
1790906695	13200608	55255772	38301376
1790906697	13200608	55259420	38301372
1790906699	13200608	55259632	38301372
1790906701	13200608	55260268	38301372
1790906703	13200520	55125592	38334488
1790906705	13200520	54182864	38334492
1790906707	13200520	53183120	38334488
1790906709	13200520	52339248	38334488
1790906711	13200520	51559536	38334488
1790906713	13200500	50006480	38334488
1790906715	13200500	49707036	38334492
1790906717	13200500	48124460	38334492
1790906719	13200500	47242164	38334488
1790906721	13201144	47065332	37411140
1790906723	13202376	45655308	24647644
1790906725	13202616	44048876	22856936
1790906727	13202656	43713344	22258272
1790906729	13202656	43702760	22258272
1790906731	13203780	42395200	20881168
1790906733	13205748	41235968	14676776
1790906735	13222396	40177540	11520464
1790906737	13229208	39041348	8575404
1790906739	13404384	38319364	9077116
1790906741	13404812	38269088	9575656
1790906743	13405528	38086728	10019312
1790906745	13405616	37760344	7534180
1790906747	13405600	37802852	7523988
1790906749	13405600	37802600	7523988
1790906751	13405600	37802348	7523988
1790906753	13404672	37796948	7546012
1790906755	13404684	37800804	7239496
1790906757	13404600	37794224	7284572
1790906759	13404600	37793516	7284572
1790906761	13404600	37796196	7294724
1790906763	13404584	37802320	7367748
1790906765	13404580	37800120	7376188
1790906767	13404512	37800856	7416024
1790906769	13404508	37799908	7422460
1790906771	13404364	37793008	7426892
1790906773	13402788	37790612	7426892
1790906775	13402788	37790260	7426896
1790906777	13266628	55372544	7434108
1790906779	13266628	55494156	7434108
1790906781	13266628	55493264	7436504
1790906783	13266628	55493704	7437400
1790906785	13266628	55438656	7437708
1790906787	13266628	55466604	7437704
1790906789	13266624	55466848	7438288
1790906791	13265180	55467044	7438288
1790906793	13254860	55467044	7458512
1790906795	13254860	55467372	7458516
1790906797	13254860	55467036	7458512
1790906799	13254860	55466784	7458512
1790906801	13254544	55467824	7458528
1790906803	13254544	55469476	7458544
1790906805	13254540	55471524	7458548
