doc	pinned_commit	method	citations_matching_recorded_content	citations	header_named_a_tree_commit
docs/audit-2026-09-10.md	8c159d85f7a7	blame	51	51	no
docs/audit-metal-2026-09-12.md	8c159d85f7a7	blame	111	113	yes
docs/audit-metal-2026-09-30.md	be41cc509e64	blame	410	413	yes
docs/measurements/aikit-w4a8-opsperbyte.md	e781faf490ec	blame	1	1	no
docs/measurements/c3-metal-consumer-window-v0.14.0.md	f73b980a3937	blame	1	1	yes
docs/measurements/c3-metal-consumer-window-v0.18.0.md	cdf10e4937cb	blame	2	2	no
docs/measurements/c3-metal-consumer-window.md	40dddb7b1bc0	blame	3	3	no
docs/measurements/demo-chat-gemma4e2b-blocked-2026-08-22.md	93f4ab0ebefc	blame	3	3	no
docs/measurements/demo-chat-tier2-gates-2026-08-22.md	93f4ab0ebefc	blame	3	3	no
docs/measurements/embeddinggemma2-2026-10-06/audio-gate0/spec.md	24aa1960f2f1	blame	3	3	no
docs/measurements/m26-alias-fork-collapse-2026-09-24.md	cbaecc0cebd2	blame	4	4	no
docs/measurements/metal-prefill-gemm-s2-2026-09-25.md	1fd9d95ec0e4	blame	1	1	no
docs/measurements/moe-expert-batching-m1-vs-mn-2026-09-01.md	575a3768e27f	blame	2	2	no
docs/measurements/multimodal-audit-2026-10-02.md	8c159d85f7a7	blame	27	28	yes
docs/measurements/multimodal-support-2026-10/s1-gate0.md	93f4ab0ebefc	blame	94	94	yes
docs/measurements/prefill-l2-metal-fused-attn-2026-09-09.md	418146498e17	blame	1	1	no
docs/measurements/prefill-l2l3-phase0-2026-09-05.md	b9bfd5c8f01e	blame	2	2	yes
docs/measurements/prefill-l2l3-phase1-2026-09-05.md	418146498e17	blame	1	1	yes
docs/measurements/r2-attn-fa-followup-2026-09-20.md	ebce2b4d9932	blame	2	2	no
docs/measurements/r9-s03-s04-shipped-measurement-2026-09-21.md	7b50947a9313	blame	2	2	no
docs/measurements/reduction-tree-accuracy-2026-09-12.md	b9bfd5c8f01e	blame	2	2	no
docs/measurements/spec-x-pager-2026-09-02.md	b9bfd5c8f01e	blame	5	5	no
docs/measurements/spec-x-pager-prereg-2026-09-02.md	b9bfd5c8f01e	blame	1	1	no
docs/measurements/splitkv-8000-reanchor-2026-09-12.md	39ec8872302c	blame	1	1	yes
docs/measurements/splitkv-aa-floor-2026-09-12.md	39ec8872302c	blame	1	1	yes
docs/measurements/splitkv-d7-fthreshold-2026-09-13.md	39ec8872302c	blame	1	1	yes
docs/measurements/splitkv-f-depth-invariance-2026-09-13.md	39ec8872302c	blame	1	1	no
docs/measurements/splitkv-mechanism-ncu-2026-09-12.md	39ec8872302c	blame	1	1	yes
docs/measurements/splitkv-mechanism-ncu-PREREGISTERED.md	39ec8872302c	blame	1	1	no
docs/measurements/splitkv-sector-efficiency-2026-09-13.md	39ec8872302c	blame	1	1	no
docs/measurements/theta-per-backend-2026-09-01.md	be41cc509e64	blame	1	1	no
docs/measurements/vsum-split-fidelity-PREREGISTERED.md	b9bfd5c8f01e	blame	2	2	no
site/different/REVIEW-08.md	c0910e292207	blame	1	1	yes
site/different/REVIEW-10.md	c0910e292207	blame	5	5	no
site/different/REVIEW-11.md	b8ab20c4bfd8	blame	1	1	no
